id,first_name,last_name,car
1,Keir,McGloughlin,Azera
2,Jermain,Fallens,Eurovan
3,Vanna,Fishby,Aerostar
4,Bert,Donoghue,Titan
5,Cullan,Raffles,Park Avenue
6,Anatola,Valencia,Caravan
7,Agatha,Rivenzon,RSX
8,Marlyn,Cunniam,Pilot
9,Colette,Weed,Eclipse
10,Mira,Cocke,SL-Class
11,Hurley,Loughnan,Raider
12,Sherry,Mapholm,Z8
13,Anica,Cowton,Sequoia
14,Adara,Grogono,Samurai
15,Aylmar,Elstob,Ram 2500
16,Collie,Ainley,Grand Cherokee
17,Leelah,Crabb,Rendezvous
18,Donelle,Phillipp,S-Class
19,Jerome,Upchurch,C8 Laviolette
20,Bonni,Stoakley,Savana 2500
21,Darda,Keasy,Sierra 1500
22,Robb,Newns,900
23,Amberly,Sarre,Caliber
24,Dreddy,Beekman,Continental Flying Spur
25,Jordan,Ligertwood,XJ Series
26,Viv,Sulland,Silverado
27,Dallon,Cornwell,Reatta
28,Eustace,Butterfint,SLS AMG
29,Bobbette,Pieroni,Lanos
30,Dulce,Bromilow,Vandura 3500
31,Forest,McCloughen,LTD Crown Victoria
32,Ilise,Hicklingbottom,Tempo
33,Sara-ann,Whysall,Mazdaspeed6
34,Alane,Hrinishin,Thunderbird
35,Fabian,Gricks,Mystique
36,Tedman,Rosiello,Outlander
37,Corliss,MacDermand,Familia
38,Kerwinn,Purdy,HHR
39,Cordie,Dowry,Sportvan G30
40,Tani,Yurchenko,xA
41,Andris,Pele,Suburban 1500
42,Waverly,Brosnan,Outback
43,Nataniel,Rollings,Sentra
44,Chev,Drysdell,H2
45,Regan,Ruffles,Cooper
46,Lulu,Surmeyers,Yukon
47,Sasha,Cahey,5000S
48,Jolee,Sommerly,ES
49,Elysia,Beggin,Sebring
50,Lila,Watkiss,Vandura 3500
51,Elvis,Lyles,Explorer Sport Trac
52,Wyn,Gockelen,300
53,Olimpia,Antony,F350
54,Olympie,Ockenden,Avalanche 2500
55,Giorgi,Aaronson,4Runner
56,Dalston,Rides,300M
57,Latrina,Farn,A6
58,Milly,Quinton,Xterra
59,Trip,Spellman,Milan
60,Delia,Paty,Escape
61,Darci,Orgill,Sentra
62,Cristal,Amy,Savana 3500
63,Harmon,Mixon,Jetta
64,Zorana,Walburn,Silhouette
65,Ali,Heselwood,Cavalier
66,Nina,Ende,Corvette
67,Pennie,Grooby,Quattroporte
68,Mathilda,Brenard,Bronco II
69,Gil,Moores,Lancer
70,Gordy,McVeighty,Rio
71,Felipa,Roisen,Previa
72,Roxine,Gwillim,9000
73,Noell,Shellum,Mountaineer
74,Nanine,Giannasi,F150
75,Alexandre,Gerg,Ranger
76,Murry,Gilbeart,Villager
77,Steve,Samwyse,525
78,Candie,Aitkenhead,Golf
79,Marice,De Coursey,Sentra
80,Farrell,Toretta,New Beetle
81,Gloria,Davydochkin,Elantra
82,Tanney,Bennen,Caravan
83,Lucienne,Schneidau,F-Series Super Duty
84,Ladonna,Cogin,6 Series
85,Eddie,Harbisher,xD
86,Danica,Tolotti,xD
87,Yancy,Boddice,Jetta
88,Pepita,Alsop,Pajero
89,Meade,Probart,XJ Series
90,Etta,Valek,Vibe
91,Shamus,Clinnick,Grand Marquis
92,Suzi,Petrello,Accent
93,Micky,Radolf,Boxster
94,Adaline,Wenger,Lumina
95,Agathe,Durnin,SL-Class
96,Amity,Sandland,Grand Caravan
97,Donall,Glasper,H3
98,Maddy,Fulham,Express 3500
99,Patti,Ollerearnshaw,7 Series
100,Arie,Funcheon,GT-R